[
  {
    "id": 1,
    "customer": {
      "name": "Martin Sowieso",
      "address": "HW 2",
      "email": "blaba@lala.com"
    },
    "items": [
      4,
      3,
      4
    ],
    "timestamp": "2024-08-23T06:36:44.184Z"
  },
  {
    "id": 2,
    "customer": {
      "name": "Marco R",
      "address": "Heckenweg 2 ",
      "email": "lalla@sososo.com"
    },
    "items": [
      3,
      3,
      3,
      1,
      1,
      1,
      1,
      2,
      2
    ],
    "timestamp": "2024-08-23T07:03:09.823Z"
  }
]