[
  { "id": 1, "name": "Coca-Cola 0,5L", "price": 1.59, "description": "Erfrischendes Coca-Cola-Getränk", "image": "../images/cola.jpg"},
  { "id": 2, "name": "Latella Mango 0,5L", "price": 1.35, "description": "Latella Mango: Lass Sonne in dein Leben" },
  { "id": 3, "name": "Sprite 0,5L", "price": 1.59, "description": "Sprite: Lemon Shot" },
  { "id": 4, "name": "Red-Bull 0,33L", "price": 2.60, "description": "Red-Bull verleiht Flüüügel" },
  { "id": 5, "name": "Capi-Sonne 0,2L", "price": 1.40, "description": "Die Sonne Italiens" }
]
